,lres,lrs,loss
0,-10.0,1e-10,0.7044645547866821
1,-9.98999,1.023316e-10,0.5900483131408691
2,-9.9799795,1.047178e-10,0.7866519093513489
3,-9.96997,1.0715939e-10,0.7852888107299805
4,-9.95996,1.0965792e-10,0.780966579914093
5,-9.94995,1.1221471e-10,0.7025346755981445
6,-9.9399395,1.1483136e-10,0.7445830702781677
7,-9.92993,1.1750877e-10,0.5670689940452576
8,-9.91992,1.202486e-10,0.7307778596878052
9,-9.90991,1.2305232e-10,0.7831301093101501
10,-9.8998995,1.2592168e-10,0.8059267997741699
11,-9.88989,1.2885767e-10,0.7229477167129517
12,-9.87988,1.3186212e-10,0.6268082857131958
13,-9.86987,1.3493662e-10,0.8119652271270752
14,-9.859859,1.380831e-10,0.6619104146957397
15,-9.84985,1.4130265e-10,0.7206310033798218
16,-9.83984,1.4459726e-10,0.7717447876930237
17,-9.82983,1.4796869e-10,0.652829110622406
18,-9.819819,1.5141906e-10,0.7521682977676392
19,-9.80981,1.5494955e-10,0.6662571430206299
20,-9.7998,1.5856236e-10,0.9318631887435913
21,-9.78979,1.6225939e-10,0.7242632508277893
22,-9.779779,1.66043e-10,0.7633612155914307
23,-9.76977,1.6991446e-10,0.6885688304901123
24,-9.75976,1.7387618e-10,0.8092384338378906
25,-9.74975,1.7793028e-10,0.6848347783088684
26,-9.739739,1.820793e-10,0.7896702289581299
27,-9.72973,1.8632466e-10,0.6743643283843994
28,-9.71972,1.9066901e-10,0.8074352741241455
29,-9.70971,1.9511465e-10,0.630282998085022
30,-9.699699,1.9966438e-10,0.7831017374992371
31,-9.68969,2.0431976e-10,0.7761181592941284
32,-9.67968,2.0908368e-10,0.5880756378173828
33,-9.66967,2.1395867e-10,0.7649486064910889
34,-9.659659,2.1894782e-10,0.6243595480918884
35,-9.64965,2.240528e-10,0.7342236638069153
36,-9.63964,2.2927682e-10,0.6897373199462891
37,-9.62963,2.3462263e-10,0.8104572296142578
38,-9.619619,2.4009364e-10,0.6082037687301636
39,-9.60961,2.4569166e-10,0.8027328252792358
40,-9.5996,2.514202e-10,0.8866670727729797
41,-9.58959,2.572823e-10,0.7328503727912903
42,-9.579579,2.6328167e-10,0.7324017286300659
43,-9.56957,2.6942035e-10,0.8163202404975891
44,-9.55956,2.7570216e-10,0.7692193984985352
45,-9.549549,2.8213107e-10,0.7202003002166748
46,-9.539539,2.8870922e-10,0.6707639694213867
47,-9.52953,2.9544078e-10,0.7529746890068054
48,-9.51952,3.0232927e-10,0.7033387422561646
49,-9.509509,3.0937905e-10,0.5992094874382019
50,-9.499499,3.1659253e-10,0.8037685751914978
51,-9.48949,3.239742e-10,0.6859232187271118
52,-9.47948,3.31528e-10,0.7012885808944702
53,-9.469469,3.3925865e-10,0.711092472076416
54,-9.459459,3.471688e-10,0.7916018962860107
55,-9.44945,3.552634e-10,0.7973031997680664
56,-9.43944,3.6354672e-10,0.8482760190963745
57,-9.429429,3.72024e-10,0.6132845878601074
58,-9.419419,3.806981e-10,0.920427680015564
59,-9.4094095,3.8957446e-10,0.7734068632125854
60,-9.3994,3.9865777e-10,0.6709718108177185
61,-9.389389,4.0795378e-10,0.7452855110168457
62,-9.379379,4.1746565e-10,0.6985406875610352
63,-9.3693695,4.2719925e-10,0.6994843482971191
64,-9.35936,4.3715984e-10,0.6749829053878784
65,-9.349349,4.4735365e-10,0.7784770131111145
66,-9.339339,4.5778414e-10,0.7603671550750732
67,-9.3293295,4.6845783e-10,0.6272373199462891
68,-9.31932,4.793804e-10,0.7661553621292114
69,-9.309309,4.905587e-10,0.859144926071167
70,-9.299299,5.0199656e-10,0.6650598049163818
71,-9.289289,5.1370114e-10,0.7177329063415527
72,-9.27928,5.256786e-10,0.752515435218811
73,-9.269269,5.379365e-10,0.6233323216438293
74,-9.259259,5.5047905e-10,0.8815008401870728
75,-9.249249,5.63314e-10,0.7477376461029053
76,-9.23924,5.764482e-10,0.6507701873779297
77,-9.229229,5.8988997e-10,0.6640077829360962
78,-9.219219,6.0364386e-10,0.705550491809845
79,-9.209209,6.1771843e-10,0.8447189331054688
80,-9.1992,6.3212113e-10,0.602615475654602
81,-9.189189,6.468611e-10,0.8016833662986755
82,-9.179179,6.6194333e-10,0.7189192771911621
83,-9.169169,6.773772e-10,0.7438660860061646
84,-9.159159,6.9317246e-10,0.7229180335998535
85,-9.149149,7.093345e-10,0.6379517912864685
86,-9.139139,7.258733e-10,0.7092647552490234
87,-9.129129,7.4279777e-10,0.5886216163635254
88,-9.11912,7.6011686e-10,0.8738174438476562
89,-9.109109,7.7784146e-10,0.693252444267273
90,-9.099099,7.959776e-10,0.6454651355743408
91,-9.089089,8.145366e-10,0.7302722930908203
92,-9.079079,8.335302e-10,0.742864727973938
93,-9.069069,8.5296475e-10,0.9032992124557495
94,-9.059059,8.728525e-10,0.7175377607345581
95,-9.049049,8.932039e-10,0.6976654529571533
96,-9.039039,9.1403185e-10,0.7188223600387573
97,-9.029029,9.353435e-10,0.7951054573059082
98,-9.019019,9.571519e-10,0.8737105131149292
99,-9.009009,9.794688e-10,0.7174190282821655
100,-8.998999,1.0023083e-09,0.6836869716644287
101,-8.988989,1.0256782e-09,0.7653392553329468
102,-8.978979,1.0495929e-09,0.702515721321106
103,-8.968969,1.0740652e-09,0.7259907722473145
104,-8.958959,1.0991106e-09,0.6851840019226074
105,-8.948949,1.1247374e-09,0.9407871961593628
106,-8.938939,1.1509618e-09,0.779747724533081
107,-8.928929,1.1777976e-09,0.696205198764801
108,-8.918919,1.2052618e-09,0.7839313745498657
109,-8.908909,1.2333636e-09,0.6912498474121094
110,-8.898899,1.2621207e-09,0.7935172319412231
111,-8.888889,1.2915484e-09,0.8884396553039551
112,-8.878879,1.321665e-09,0.8792896270751953
113,-8.868869,1.352481e-09,0.7230902910232544
114,-8.858859,1.3840155e-09,0.6837396025657654
115,-8.848849,1.4162852e-09,0.8039316534996033
116,-8.838839,1.4493104e-09,0.6183532476425171
117,-8.828829,1.4831025e-09,0.7304666638374329
118,-8.818819,1.5176826e-09,0.6906455755233765
119,-8.808809,1.5530689e-09,0.84714674949646
120,-8.798799,1.5892837e-09,0.7473893761634827
121,-8.788789,1.6263395e-09,0.6723329424858093
122,-8.778779,1.6642592e-09,0.6952840685844421
123,-8.768768,1.7030668e-09,0.7860355377197266
124,-8.758759,1.7427756e-09,0.5709772109985352
125,-8.748749,1.7834101e-09,0.6658062934875488
126,-8.738739,1.824992e-09,0.5779565572738647
127,-8.728729,1.8675437e-09,0.7259481549263
128,-8.718719,1.9110915e-09,0.814867377281189
129,-8.708709,1.9556505e-09,0.7272953987121582
130,-8.698699,2.0012485e-09,0.8336614966392517
131,-8.688688,2.047914e-09,0.6721518039703369
132,-8.6786785,2.0956632e-09,0.7686749696731567
133,-8.668669,2.1445257e-09,0.6407625675201416
134,-8.658659,2.1945274e-09,0.6359443664550781
135,-8.648649,2.245695e-09,0.6616119146347046
136,-8.6386385,2.2980606e-09,0.6224150657653809
137,-8.628629,2.3516424e-09,0.797377347946167
138,-8.618619,2.4064732e-09,0.7032213807106018
139,-8.608608,2.462588e-09,0.6766107082366943
140,-8.5985985,2.5200058e-09,0.6909195780754089
141,-8.588589,2.578762e-09,0.6729831099510193
142,-8.578579,2.6388887e-09,0.7287513017654419
143,-8.568568,2.7004228e-09,0.7382119297981262
144,-8.558558,2.763386e-09,0.7272535562515259
145,-8.548549,2.827817e-09,0.6322288513183594
146,-8.538539,2.8937504e-09,0.8771090507507324
147,-8.528528,2.9612275e-09,0.5964435338973999
148,-8.518518,3.0302716e-09,0.8619129657745361
149,-8.508509,3.1009253e-09,0.8008127808570862
150,-8.498499,3.1732266e-09,0.7385443449020386
151,-8.488488,3.2472207e-09,0.6692277789115906
152,-8.478478,3.3229328e-09,0.7455430030822754
153,-8.468469,3.4004104e-09,0.7848340272903442
154,-8.458459,3.4796943e-09,0.8384381532669067
155,-8.448448,3.5608347e-09,0.7639361619949341
156,-8.438438,3.6438592e-09,0.7435166835784912
157,-8.428429,3.7288195e-09,0.849703311920166
158,-8.418419,3.8157606e-09,0.6766202449798584
159,-8.408408,3.9047374e-09,0.6524345278739929
160,-8.398398,3.99578e-09,0.6797695159912109
161,-8.388389,4.088946e-09,0.6560274362564087
162,-8.378378,4.184293e-09,0.7853176593780518
163,-8.368368,4.281854e-09,0.7814980149269104
164,-8.358358,4.3816897e-09,0.6698868870735168
165,-8.348349,4.4838533e-09,0.8562060594558716
166,-8.338339,4.5883985e-09,0.8001213669776917
167,-8.328328,4.695392e-09,0.8610568046569824
168,-8.318318,4.80487e-09,0.7275096774101257
169,-8.308309,4.9169e-09,0.6186546087265015
170,-8.298298,5.031554e-09,0.7685785293579102
171,-8.288288,5.1488693e-09,0.595737099647522
172,-8.278278,5.2689204e-09,0.8781710863113403
173,-8.268269,5.3917706e-09,0.6603854894638062
174,-8.258259,5.517485e-09,0.7669742703437805
175,-8.248248,5.6461436e-09,0.839374303817749
176,-8.238238,5.777789e-09,0.7520142197608948
177,-8.228229,5.912504e-09,0.6543582677841187
178,-8.218218,6.050373e-09,0.758219838142395
179,-8.208208,6.1914434e-09,0.657070517539978
180,-8.198198,6.3358034e-09,0.7631216645240784
181,-8.188189,6.483529e-09,0.6352131962776184
182,-8.178178,6.6347132e-09,0.7045890688896179
183,-8.168168,6.7894086e-09,0.6266068816184998
184,-8.158158,6.9477104e-09,0.790019690990448
185,-8.148149,7.109703e-09,0.802183210849762
186,-8.138138,7.275489e-09,0.517235279083252
187,-8.128128,7.445124e-09,0.6823848485946655
188,-8.118118,7.6187145e-09,0.9013379812240601
189,-8.1081085,7.796353e-09,0.6685610413551331
190,-8.098098,7.97815e-09,0.7842682600021362
191,-8.088088,8.164169e-09,0.6674679517745972
192,-8.078078,8.354524e-09,0.7643237113952637
193,-8.0680685,8.549319e-09,0.7725682258605957
194,-8.058058,8.748674e-09,0.7910075187683105
195,-8.048048,8.952657e-09,0.6247608065605164
196,-8.038038,9.161398e-09,0.6052525639533997
197,-8.0280285,9.375005e-09,0.602178692817688
198,-8.018018,9.593614e-09,0.8315479755401611
199,-8.008008,9.817298e-09,0.7347846031188965
200,-7.997998,1.00461985e-08,0.7986528277397156
201,-7.987988,1.0280447e-08,0.6559853553771973
202,-7.9779778,1.0520157e-08,0.7280852198600769
203,-7.967968,1.0765445e-08,0.7478164434432983
204,-7.957958,1.1016453e-08,0.7906451225280762
205,-7.947948,1.12733245e-08,0.7343297600746155
206,-7.9379377,1.1536186e-08,0.8018059730529785
207,-7.927928,1.1805164e-08,0.7360733151435852
208,-7.917918,1.2080413e-08,0.7734167575836182
209,-7.907908,1.2362094e-08,0.6447551250457764
210,-7.8978977,1.2650342e-08,0.735702395439148
211,-7.887888,1.2945298e-08,0.6550414562225342
212,-7.877878,1.32471305e-08,0.6872409582138062
213,-7.867868,1.3556015e-08,0.6472818851470947
214,-7.8578577,1.3872103e-08,0.8321574330329895
215,-7.847848,1.4195544e-08,0.6918348073959351
216,-7.837838,1.4526528e-08,0.8348360061645508
217,-7.827828,1.4865245e-08,0.6746947765350342
218,-7.8178177,1.521186e-08,0.6642538905143738
219,-7.807808,1.556654e-08,0.5598680377006531
220,-7.797798,1.5929489e-08,0.790471076965332
221,-7.787788,1.630092e-08,0.9195454120635986
222,-7.7777777,1.6681009e-08,0.7785446643829346
223,-7.767768,1.7069944e-08,0.6453864574432373
224,-7.757758,1.7467947e-08,0.7449867725372314
225,-7.747748,1.787525e-08,0.6731696724891663
226,-7.7377377,1.8292049e-08,0.7255224585533142
227,-7.727728,1.8718547e-08,0.8175994157791138
228,-7.717718,1.9154987e-08,0.6301385164260864
229,-7.707708,1.9601627e-08,0.7643170356750488
230,-7.6976976,2.005868e-08,0.8152791261672974
231,-7.687688,2.0526368e-08,0.7146923542022705
232,-7.677678,2.1004961e-08,0.7628717422485352
233,-7.667668,2.1494737e-08,0.7679370641708374
234,-7.6576576,2.1995932e-08,0.7484607696533203
235,-7.647648,2.250879e-08,0.563735842704773
236,-7.6376376,2.303363e-08,0.6855189800262451
237,-7.6276274,2.3570708e-08,0.7616769075393677
238,-7.6176176,2.4120283e-08,0.7389442920684814
239,-7.607608,2.4682672e-08,0.6518083810806274
240,-7.5975976,2.52582e-08,0.7841352224349976
241,-7.5875874,2.5847148e-08,0.7427965402603149
242,-7.5775776,2.64498e-08,0.7650639414787292
243,-7.567568,2.7066505e-08,0.770561695098877
244,-7.5575576,2.7697618e-08,0.6184313893318176
245,-7.5475473,2.8343447e-08,0.8635613918304443
246,-7.5375376,2.9004303e-08,0.7428328990936279
247,-7.527528,2.9680567e-08,0.807852029800415
248,-7.5175176,3.0372632e-08,0.8099480867385864
249,-7.5075073,3.1080834e-08,0.7465187311172485
250,-7.4974976,3.1805516e-08,0.7873151302337646
251,-7.487488,3.2547092e-08,0.7022573947906494
252,-7.4774776,3.3305998e-08,0.8426724672317505
253,-7.4674673,3.4082596e-08,0.7481741905212402
254,-7.4574575,3.4877267e-08,0.6860619783401489
255,-7.447448,3.5690466e-08,0.6762353181838989
256,-7.4374375,3.6522664e-08,0.8109478950500488
257,-7.4274273,3.737427e-08,0.7155153751373291
258,-7.4174175,3.8245688e-08,0.7568165063858032
259,-7.4074078,3.9137426e-08,0.7026485204696655
260,-7.3973975,4.0049997e-08,0.8139040470123291
261,-7.3873873,4.0983846e-08,0.688971757888794
262,-7.3773775,4.1939426e-08,0.6783654093742371
263,-7.3673677,4.2917286e-08,0.7341866493225098
264,-7.3573575,4.3917993e-08,0.8808593153953552
265,-7.3473473,4.4942034e-08,0.6845298409461975
266,-7.3373375,4.5989903e-08,0.6996862888336182
267,-7.3273277,4.7062205e-08,0.7174214720726013
268,-7.3173175,4.815956e-08,0.6415297985076904
269,-7.3073072,4.92825e-08,0.7285370230674744
270,-7.2972975,5.0431574e-08,0.7532151937484741
271,-7.2872877,5.1607437e-08,0.6009478569030762
272,-7.2772775,5.2810773e-08,0.626629650592804
273,-7.267267,5.4042168e-08,0.7160681486129761
274,-7.2572575,5.5302216e-08,0.6568235754966736
275,-7.2472477,5.659164e-08,0.8427473306655884
276,-7.2372375,5.7911198e-08,0.6910833120346069
277,-7.227227,5.926152e-08,0.6811994314193726
278,-7.2172174,6.064326e-08,0.7607346773147583
279,-7.207207,6.205729e-08,0.7638561129570007
280,-7.197197,6.350429e-08,0.6617852449417114
281,-7.187187,6.498495e-08,0.6010354161262512
282,-7.1771774,6.650014e-08,0.703592836856842
283,-7.167167,6.805073e-08,0.6995770931243896
284,-7.157157,6.963748e-08,0.6588786840438843
285,-7.147147,7.126115e-08,0.70628821849823
286,-7.1371374,7.2922674e-08,0.6275310516357422
287,-7.127127,7.4623024e-08,0.7919795513153076
288,-7.117117,7.6363015e-08,0.6517866253852844
289,-7.107107,7.814349e-08,0.7791224718093872
290,-7.0970974,7.996549e-08,0.7598421573638916
291,-7.087087,8.183005e-08,0.689876139163971
292,-7.077077,8.3738094e-08,0.7891747355461121
293,-7.067067,8.569054e-08,0.7028099298477173
294,-7.0570574,8.76885e-08,0.9168003797531128
295,-7.047047,8.973314e-08,0.7607057094573975
296,-7.037037,9.1825456e-08,0.8983196020126343
297,-7.027027,9.396646e-08,0.7136472463607788
298,-7.0170174,9.6157386e-08,0.6815522909164429
299,-7.007007,9.83995e-08,0.7306841611862183
300,-6.996997,1.0069389e-07,0.7737790942192078
301,-6.986987,1.0304167e-07,0.758751630783081
302,-6.9769773,1.0544419e-07,0.6941514015197754
303,-6.966967,1.0790284e-07,0.8027937412261963
304,-6.956957,1.1041883e-07,0.6854188442230225
305,-6.946947,1.12993355e-07,0.613361120223999
306,-6.9369373,1.15627905e-07,0.6249710321426392
307,-6.926927,1.1832402e-07,0.579987645149231
308,-6.916917,1.2108299e-07,0.7409130334854126
309,-6.906907,1.2390616e-07,0.7864463329315186
310,-6.8968973,1.2679516e-07,0.7141072750091553
311,-6.886887,1.2975165e-07,0.7121081352233887
312,-6.876877,1.327771e-07,0.7650023698806763
313,-6.866867,1.3587292e-07,0.6913073062896729
314,-6.8568573,1.3904094e-07,0.7227326035499573
315,-6.846847,1.4228297e-07,0.7250456809997559
316,-6.836837,1.4560061e-07,0.6773372292518616
317,-6.826827,1.4899543e-07,0.6646923422813416
318,-6.8168173,1.5246941e-07,0.7429693937301636
319,-6.806807,1.5602456e-07,0.8794598579406738
320,-6.796797,1.596626e-07,0.8002033233642578
321,-6.786787,1.633853e-07,0.7932769656181335
322,-6.776777,1.6719497e-07,0.6608558893203735
323,-6.7667665,1.7109348e-07,0.7201839685440063
324,-6.756757,1.7508269e-07,0.7862012386322021
325,-6.746747,1.7916493e-07,0.9075987339019775
326,-6.736737,1.8334254e-07,0.7747266888618469
327,-6.7267265,1.8761756e-07,0.6095273494720459
328,-6.716717,1.9199204e-07,0.7143474817276001
329,-6.706707,1.9646853e-07,0.7696139216423035
330,-6.6966968,2.0104962e-07,0.7391641139984131
331,-6.6866865,2.057375e-07,0.7784136533737183
332,-6.6766768,2.105345e-07,0.7565209865570068
333,-6.666667,2.1544331e-07,0.7397891283035278
334,-6.6566567,2.2046683e-07,0.7000343203544617
335,-6.6466465,2.2560748e-07,0.8080039024353027
336,-6.6366367,2.3086774e-07,0.7604211568832397
337,-6.626627,2.3625066e-07,0.6612218022346497
338,-6.6166167,2.4175935e-07,0.5760056972503662
339,-6.6066065,2.4739649e-07,0.6341531872749329
340,-6.5965967,2.5316479e-07,0.7048869132995605
341,-6.586587,2.5906758e-07,0.6096835136413574
342,-6.5765767,2.6510827e-07,0.6952727437019348
343,-6.5665665,2.7128985e-07,0.7429670095443726
344,-6.5565567,2.7761524e-07,0.7458881735801697
345,-6.546547,2.8408812e-07,0.7261171340942383
346,-6.5365367,2.9071222e-07,0.7542070746421814
347,-6.5265265,2.974908e-07,0.7147252559661865
348,-6.5165167,3.044271e-07,0.7522451281547546
349,-6.506507,3.1152513e-07,0.7563673257827759
350,-6.4964967,3.18789e-07,0.7387933731079102
351,-6.4864864,3.2622225e-07,0.6649103164672852
352,-6.4764767,3.3382844e-07,0.8395926356315613
353,-6.466467,3.4161198e-07,0.8217835426330566
354,-6.4564567,3.495774e-07,0.7280492782592773
355,-6.4464464,3.5772854e-07,0.6595630645751953
356,-6.4364367,3.6606934e-07,0.6953155398368835
357,-6.426427,3.746046e-07,0.7720370888710022
358,-6.4164166,3.833393e-07,0.7461403608322144
359,-6.4064064,3.9227768e-07,0.67918860912323
360,-6.3963966,4.0142402e-07,0.6549334526062012
361,-6.386387,4.1078363e-07,0.7138042449951172
362,-6.3763766,4.203619e-07,0.7607522010803223
363,-6.3663664,4.3016357e-07,0.5592740774154663
364,-6.3563566,4.4019325e-07,0.7569637298583984
365,-6.3463464,4.504573e-07,0.7378323078155518
366,-6.336336,4.6096065e-07,0.6690447330474854
367,-6.3263264,4.7170843e-07,0.7522925138473511
368,-6.3163166,4.8270675e-07,0.6424480080604553
369,-6.3063064,4.939621e-07,0.8618572950363159
370,-6.296296,5.054799e-07,0.8629977703094482
371,-6.2862864,5.172657e-07,0.5952569246292114
372,-6.2762766,5.293262e-07,0.7847725749015808
373,-6.2662663,5.416686e-07,0.7980941534042358
374,-6.256256,5.5429877e-07,0.6654171943664551
375,-6.2462463,5.672228e-07,0.8020398020744324
376,-6.2362366,5.8044816e-07,0.640853762626648
377,-6.2262263,5.939825e-07,0.7692267298698425
378,-6.216216,6.078325e-07,0.6532955765724182
379,-6.2062063,6.2200473e-07,0.6925339698791504
380,-6.1961966,6.3650737e-07,0.7650405168533325
381,-6.1861863,6.513489e-07,0.7061028480529785
382,-6.176176,6.665365e-07,0.6402515769004822
383,-6.1661663,6.820774e-07,0.6993257999420166
384,-6.1561565,6.979808e-07,0.6895678043365479
385,-6.1461463,7.142557e-07,0.7443958520889282
386,-6.136136,7.309101e-07,0.6547644734382629
387,-6.1261263,7.4795196e-07,0.7940489649772644
388,-6.1161165,7.6539123e-07,0.6679520606994629
389,-6.1061063,7.8323797e-07,0.6013407111167908
390,-6.096096,8.015008e-07,0.8501595854759216
391,-6.0860863,8.201886e-07,0.7955207824707031
392,-6.0760765,8.393121e-07,0.7226399183273315
393,-6.0660663,8.5888246e-07,0.7901474833488464
394,-6.056056,8.7890913e-07,0.6624916195869446
395,-6.0460463,8.9940175e-07,0.6702611446380615
396,-6.0360365,9.2037226e-07,0.6319290399551392
397,-6.0260262,9.418327e-07,0.6560127139091492
398,-6.016016,9.637935e-07,0.723931074142456
399,-6.0060062,9.862653e-07,0.62455815076828
400,-5.995996,1.0092622e-06,0.7036054134368896
401,-5.985986,1.0327941e-06,0.8152503967285156
402,-5.975976,1.0568759e-06,0.7244734168052673
403,-5.965966,1.081518e-06,0.6663650274276733
404,-5.955956,1.1067359e-06,0.8057347536087036
405,-5.945946,1.1325407e-06,0.5980331897735596
406,-5.935936,1.1589482e-06,0.662132978439331
407,-5.925926,1.1859703e-06,0.763594388961792
408,-5.915916,1.2136237e-06,0.7600070834159851
409,-5.905906,1.2419205e-06,0.7220546007156372
410,-5.895896,1.2708786e-06,0.8736441135406494
411,-5.885886,1.3005103e-06,0.6701664328575134
412,-5.875876,1.3308345e-06,0.890807032585144
413,-5.865866,1.3618643e-06,0.8751838207244873
414,-5.855856,1.393619e-06,0.7532568573951721
415,-5.845846,1.4261126e-06,0.8140324354171753
416,-5.835836,1.4593654e-06,0.6688069701194763
417,-5.825826,1.493392e-06,0.7386873960494995
418,-5.815816,1.5282136e-06,0.8187230229377747
419,-5.805806,1.5638454e-06,0.6842642426490784
420,-5.795796,1.6003098e-06,0.7742184996604919
421,-5.785786,1.6376227e-06,0.7826285362243652
422,-5.775776,1.6758073e-06,0.6741034984588623
423,-5.765766,1.7148805e-06,0.6289838552474976
424,-5.755756,1.7548666e-06,0.7410471439361572
425,-5.745746,1.7957831e-06,0.6687586307525635
426,-5.735736,1.8376555e-06,0.7283734679222107
427,-5.7257257,1.8805043e-06,0.7916197776794434
428,-5.715716,1.9243503e-06,0.7156562805175781
429,-5.7057056,1.9692206e-06,0.7329264879226685
430,-5.695696,2.015135e-06,0.7198178768157959
431,-5.6856856,2.0621221e-06,0.5967229604721069
432,-5.675676,2.1102026e-06,0.8851810693740845
433,-5.6656656,2.1594064e-06,0.7043009996414185
434,-5.655656,2.2097552e-06,0.7292624711990356
435,-5.6456456,2.2612803e-06,0.7377674579620361
436,-5.635636,2.3140042e-06,0.6755288243293762
437,-5.6256256,2.3679602e-06,0.7551195621490479
438,-5.615616,2.4231715e-06,0.563645601272583
439,-5.6056056,2.479673e-06,0.7674090266227722
440,-5.595596,2.537489e-06,0.6790740489959717
441,-5.5855856,2.596656e-06,0.7147102355957031
442,-5.575576,2.6571995e-06,0.7558902502059937
443,-5.5655656,2.719158e-06,0.7020692825317383
444,-5.555556,2.7825577e-06,0.7284350395202637
445,-5.5455456,2.847439e-06,0.7300161123275757
446,-5.535536,2.9138298e-06,0.5965719223022461
447,-5.5255256,2.981772e-06,0.8331187963485718
448,-5.515516,3.051295e-06,0.6764335632324219
449,-5.5055056,3.1224424e-06,0.7015762329101562
450,-5.495496,3.1952452e-06,0.6452654600143433
451,-5.4854856,3.2697492e-06,0.7101538181304932
452,-5.475476,3.3459867e-06,0.7983717918395996
453,-5.4654655,3.4240054e-06,0.694087028503418
454,-5.455456,3.5038397e-06,0.7685980200767517
455,-5.4454455,3.5855392e-06,0.7467634677886963
456,-5.435436,3.6691395e-06,0.6371424198150635
457,-5.4254255,3.7546934e-06,0.7387107610702515
458,-5.415416,3.8422377e-06,0.7389605045318604
459,-5.4054055,3.931828e-06,0.7719655632972717
460,-5.3953958,4.0235022e-06,0.726851761341095
461,-5.3853855,4.117319e-06,0.620742917060852
462,-5.3753757,4.2133183e-06,0.5804953575134277
463,-5.3653655,4.3115606e-06,0.6443119049072266
464,-5.3553557,4.412089e-06,0.728102445602417
465,-5.3453455,4.5149663e-06,0.6415168046951294
466,-5.3353357,4.620237e-06,0.6510778665542603
467,-5.3253255,4.7279677e-06,0.7810713052749634
468,-5.3153157,4.8382053e-06,0.8216735124588013
469,-5.3053055,4.951018e-06,0.7088662385940552
470,-5.2952952,5.0664617e-06,0.735729455947876
471,-5.2852855,5.1845914e-06,0.5978604555130005
472,-5.275275,5.305481e-06,0.7950928211212158
473,-5.2652655,5.4291836e-06,0.7666764259338379
474,-5.255255,5.5557766e-06,0.7487006187438965
475,-5.2452455,5.685315e-06,0.8080192804336548
476,-5.235235,5.8178803e-06,0.9031334519386292
477,-5.2252254,5.95353e-06,0.8118294477462769
478,-5.215215,6.0923494e-06,0.7965359687805176
479,-5.2052054,6.2343984e-06,0.7851753234863281
480,-5.195195,6.3797665e-06,0.6199063062667847
481,-5.1851854,6.5285176e-06,0.7459205985069275
482,-5.175175,6.680744e-06,0.6506227254867554
483,-5.1651654,6.836512e-06,0.7278385162353516
484,-5.155155,6.9959196e-06,0.7266317009925842
485,-5.1451454,7.1590366e-06,0.8527542948722839
486,-5.135135,7.325965e-06,0.6699353456497192
487,-5.1251254,7.496777e-06,0.6581305861473083
488,-5.115115,7.6715805e-06,0.8210676908493042
489,-5.1051054,7.850451e-06,0.679092288017273
490,-5.095095,8.033501e-06,0.6357564926147461
491,-5.0850854,8.22081e-06,0.635174572467804
492,-5.075075,8.412496e-06,0.64764404296875
493,-5.0650654,8.608641e-06,0.6847385168075562
494,-5.055055,8.80937e-06,0.6724509000778198
495,-5.0450454,9.01477e-06,0.7996410727500916
496,-5.035035,9.224968e-06,0.7220131158828735
497,-5.0250254,9.4400575e-06,0.6545045375823975
498,-5.015015,9.6601725e-06,0.777817964553833
499,-5.0050054,9.885409e-06,0.7607124447822571
500,-4.9949946,1.0115919e-05,0.7039780616760254
501,-4.984985,1.0351782e-05,0.7426263093948364
502,-4.9749746,1.0593156e-05,0.7442368268966675
503,-4.964965,1.0840146e-05,0.607134222984314
504,-4.9549546,1.1092907e-05,0.7031917572021484
505,-4.944945,1.135155e-05,0.6687259674072266
506,-4.9349346,1.1616235e-05,0.7057202458381653
507,-4.924925,1.1887079e-05,0.6378969550132751
508,-4.9149146,1.21642515e-05,0.7736987471580505
509,-4.904905,1.2447873e-05,0.7101441621780396
510,-4.8948946,1.2738122e-05,0.7192078828811646
511,-4.884885,1.3035124e-05,0.6621342897415161
512,-4.8748746,1.3339066e-05,0.6939549446105957
513,-4.864865,1.3650079e-05,0.7022010087966919
514,-4.8548546,1.396836e-05,0.7974523305892944
515,-4.844845,1.4294046e-05,0.6944238543510437
516,-4.8348346,1.4627342e-05,0.7029155492782593
517,-4.824825,1.4968394e-05,0.7477909326553345
518,-4.8148146,1.5317413e-05,0.7252658605575562
519,-4.804805,1.5674554e-05,0.7236018180847168
520,-4.7947946,1.604004e-05,0.654509425163269
521,-4.784785,1.641403e-05,0.6242519617080688
522,-4.7747746,1.6796757e-05,0.7230406999588013
523,-4.764765,1.7188391e-05,0.6617482900619507
524,-4.7547545,1.7589175e-05,0.6705530881881714
525,-4.744745,1.7999284e-05,0.684728741645813
526,-4.7347345,1.8418976e-05,0.6181176900863647
527,-4.724725,1.8848432e-05,0.7057090401649475
528,-4.7147145,1.9287923e-05,0.7819421291351318
529,-4.7047048,1.9737641e-05,0.8140389323234558
530,-4.6946945,2.0197866e-05,0.7269818782806396
531,-4.6846843,2.0668822e-05,0.6613917350769043
532,-4.6746745,2.1150736e-05,0.6632146835327148
533,-4.6646643,2.1643911e-05,0.7052216529846191
534,-4.6546545,2.214856e-05,0.8517999649047852
535,-4.6446443,2.2665e-05,0.6793477535247803
536,-4.6346345,2.3193457e-05,0.7466902732849121
537,-4.6246243,2.3734263e-05,0.6784204244613647
538,-4.6146145,2.428765e-05,0.7385477423667908
539,-4.6046042,2.4853969e-05,0.7162129878997803
540,-4.5945945,2.5433465e-05,0.6341017484664917
541,-4.584584,2.60265e-05,0.6630451679229736
542,-4.5745745,2.6633334e-05,0.6992579698562622
543,-4.564564,2.7254346e-05,0.6252129077911377
544,-4.5545545,2.788981e-05,0.7468608617782593
545,-4.544544,2.8540118e-05,0.7986232042312622
546,-4.5345345,2.9205561e-05,0.6502043008804321
547,-4.524524,2.988655e-05,0.6785596609115601
548,-4.5145144,3.0583386e-05,0.6499035358428955
549,-4.504504,3.1296502e-05,0.6466001272201538
550,-4.4944944,3.202621e-05,0.6861438751220703
551,-4.484484,3.277297e-05,0.7231841683387756
552,-4.4744744,3.3537104e-05,0.6394567489624023
553,-4.464464,3.4319095e-05,0.7241743803024292
554,-4.4544544,3.511928e-05,0.6631354093551636
555,-4.444444,3.593816e-05,0.7046595811843872
556,-4.4344344,3.677609e-05,0.6628618240356445
557,-4.424424,3.7633607e-05,0.6691284775733948
558,-4.4144144,3.8511072e-05,0.5917588472366333
559,-4.404404,3.940904e-05,0.7051894068717957
560,-4.3943944,4.03279e-05,0.6564978361129761
561,-4.384384,4.126823e-05,0.5964653491973877
562,-4.3743744,4.223044e-05,0.6715354323387146
563,-4.364364,4.3215132e-05,0.5996768474578857
564,-4.3543544,4.4222736e-05,0.6913889050483704
565,-4.344344,4.5253884e-05,0.7003827095031738
566,-4.3343344,4.6309025e-05,0.6381006836891174
567,-4.324324,4.7388818e-05,0.7386232614517212
568,-4.3143144,4.8493734e-05,0.6559170484542847
569,-4.304304,4.962447e-05,0.6845377087593079
570,-4.2942944,5.0781513e-05,0.6377289295196533
571,-4.284284,5.196559e-05,0.6605557799339294
572,-4.2742743,5.3177224e-05,0.7362263202667236
573,-4.264264,5.4417163e-05,0.689434289932251
574,-4.254254,5.5686014e-05,0.6575019359588623
575,-4.244244,5.698439e-05,0.6389944553375244
576,-4.234234,5.83131e-05,0.621046245098114
577,-4.224224,5.967273e-05,0.706531286239624
578,-4.214214,6.106413e-05,0.7178230285644531
579,-4.204204,6.2487896e-05,0.6630719900131226
580,-4.194194,6.3944935e-05,0.6968185901641846
581,-4.184184,6.5435874e-05,0.6407341957092285
582,-4.174174,6.696166e-05,0.6627547740936279
583,-4.164164,6.852293e-05,0.7093758583068848
584,-4.154154,7.012069e-05,0.6772903800010681
585,-4.144144,7.1755625e-05,0.6535742282867432
586,-4.134134,7.342876e-05,0.6950641870498657
587,-4.124124,7.514082e-05,0.7202943563461304
588,-4.114114,7.6892895e-05,0.6561216711997986
589,-4.104104,7.868573e-05,0.6978557109832764
590,-4.094094,8.0520455e-05,0.6411865949630737
591,-4.084084,8.239787e-05,0.6463466882705688
592,-4.074074,8.4319145e-05,0.6827007532119751
593,-4.064064,8.628513e-05,0.7128899097442627
594,-4.054054,8.8297056e-05,0.6981868743896484
595,-4.044044,9.035579e-05,0.715068519115448
596,-4.034034,9.246263e-05,0.62639981508255
597,-4.024024,9.461849e-05,0.655247688293457
598,-4.014014,9.682472e-05,0.6849865317344666
599,-4.004004,9.908228e-05,0.6866379976272583
600,-3.9939938,0.000101392594,0.6677621603012085
601,-3.9839838,0.00010375672,0.6297017335891724
602,-3.9739738,0.000106175976,0.6662395000457764
603,-3.9639637,0.000108651635,0.6461327075958252
604,-3.9539537,0.000111185014,0.6152690649032593
605,-3.9439437,0.00011377747,0.6587393879890442
606,-3.9339337,0.00011643037,0.6885329484939575
607,-3.9239237,0.00011914512,0.6827164888381958
608,-3.9139137,0.00012192318,0.6774744987487793
609,-3.9039037,0.00012476601,0.6587263345718384
610,-3.8938937,0.00012767513,0.6428912878036499
611,-3.8838837,0.00013065207,0.6615301370620728
612,-3.8738737,0.00013369843,0.6487876176834106
613,-3.8638637,0.00013681581,0.6702643036842346
614,-3.8538537,0.00014000588,0.6846230030059814
615,-3.8438437,0.00014327034,0.6147791147232056
616,-3.8338337,0.00014661091,0.6983218193054199
617,-3.8238237,0.00015002937,0.6666113138198853
618,-3.8138137,0.00015352755,0.6460004448890686
619,-3.8038037,0.00015710728,0.6285724639892578
620,-3.7937937,0.00016077049,0.629174530506134
621,-3.7837837,0.0001645191,0.7154446840286255
622,-3.7737737,0.00016835512,0.6864356994628906
623,-3.7637637,0.00017228059,0.6537426114082336
624,-3.7537537,0.00017629757,0.6869120597839355
625,-3.7437437,0.00018040823,0.7117236256599426
626,-3.7337337,0.00018461474,0.679425835609436
627,-3.7237236,0.00018891931,0.6343721151351929
628,-3.7137136,0.00019332426,0.6428819894790649
629,-3.7037036,0.00019783192,0.7163875699043274
630,-3.6936936,0.00020244467,0.6812669634819031
631,-3.6836836,0.000207165,0.651738166809082
632,-3.6736736,0.00021199537,0.6477059721946716
633,-3.6636636,0.00021693837,0.6204997301101685
634,-3.6536536,0.00022199663,0.5899052619934082
635,-3.6436436,0.00022717283,0.7012172341346741
636,-3.6336336,0.00023246971,0.6432681679725647
637,-3.6236234,0.00023789024,0.5997337698936462
638,-3.6136134,0.00024343703,0.6643080711364746
639,-3.6036034,0.00024911313,0.6796472668647766
640,-3.5935934,0.00025492162,0.6701880693435669
641,-3.5835834,0.0002608655,0.6523259282112122
642,-3.5735734,0.000266948,0.7086664438247681
643,-3.5635633,0.0002731723,0.6051466464996338
644,-3.5535533,0.00027954174,0.58504319190979
645,-3.5435433,0.0002860597,0.725222110748291
646,-3.5335333,0.00029272962,0.6718593239784241
647,-3.5235233,0.00029955507,0.6407824754714966
648,-3.5135133,0.00030653967,0.7010101675987244
649,-3.5035033,0.0003136871,0.6708183884620667
650,-3.4934933,0.00032100122,0.7056856751441956
651,-3.4834833,0.00032848585,0.6613988280296326
652,-3.4734733,0.00033614502,0.6798206567764282
653,-3.4634633,0.00034398277,0.6944023966789246
654,-3.4534533,0.00035200326,0.5434883832931519
655,-3.4434433,0.00036021078,0.6605160236358643
656,-3.4334333,0.00036860965,0.6909466981887817
657,-3.4234233,0.00037720436,0.7648807168006897
658,-3.4134133,0.00038599948,0.6473962068557739
659,-3.4034033,0.00039499966,0.5777503848075867
660,-3.3933933,0.00040420968,0.6233368515968323
661,-3.3833833,0.00041363447,0.578126847743988
662,-3.3733733,0.000423279,0.7093832492828369
663,-3.3633633,0.0004331484,0.6443740129470825
664,-3.3533533,0.00044324796,0.6389100551605225
665,-3.3433433,0.00045358296,0.6438033580780029
666,-3.3333333,0.00046415898,0.6610140204429626
667,-3.3233232,0.00047498156,0.6152782440185547
668,-3.3133132,0.0004860565,0.7116042375564575
669,-3.3033032,0.00049738964,0.7177756428718567
670,-3.2932932,0.0005089871,0.629104733467102
671,-3.2832832,0.0005208549,0.5977984070777893
672,-3.2732732,0.00053299946,0.6658434271812439
673,-3.2632632,0.0005454272,0.591328501701355
674,-3.2532532,0.00055814465,0.6895686388015747
675,-3.2432432,0.00057115866,0.6311866044998169
676,-3.2332332,0.00058447616,0.6461510062217712
677,-3.2232232,0.0005981041,0.7107239961624146
678,-3.2132132,0.00061204983,0.6655038595199585
679,-3.2032032,0.0006263208,0.6378666758537292
680,-3.193193,0.0006409247,0.627914547920227
681,-3.183183,0.0006558689,0.5946528315544128
682,-3.173173,0.0006711615,0.7245055437088013
683,-3.163163,0.0006868107,0.7097243666648865
684,-3.153153,0.0007028248,0.6729804277420044
685,-3.143143,0.0007192122,0.724341869354248
686,-3.133133,0.0007359818,0.6688985824584961
687,-3.123123,0.00075314235,0.6619173884391785
688,-3.113113,0.000770703,0.6265570521354675
689,-3.103103,0.0007886732,0.618864893913269
690,-3.093093,0.0008070623,0.6379185914993286
691,-3.083083,0.00082588027,0.6168684959411621
692,-3.073073,0.00084513694,0.6370627880096436
693,-3.063063,0.0008648426,0.7497418522834778
694,-3.053053,0.0008850078,0.6377802491188049
695,-3.043043,0.00090564316,0.6940768361091614
696,-3.033033,0.0009267596,0.6638969779014587
697,-3.023023,0.00094836846,0.5759740471839905
698,-3.013013,0.0009704812,0.7887475490570068
699,-3.003003,0.0009931094,0.6478484869003296
700,-2.9929929,0.0010162654,0.5769293308258057
701,-2.9829829,0.0010399611,0.62738037109375
702,-2.9729729,0.0010642095,0.6876929998397827
703,-2.9629629,0.0010890232,0.5803281664848328
704,-2.9529529,0.0011144155,0.7316626906394958
705,-2.9429429,0.0011403998,0.7112252712249756
706,-2.9329329,0.00116699,0.6534422039985657
707,-2.9229228,0.0011942002,0.5514980554580688
708,-2.9129128,0.0012220449,0.6402623653411865
709,-2.9029028,0.0012505387,0.6277691125869751
710,-2.8928928,0.001279697,0.667594850063324
711,-2.8828828,0.0013095351,0.5719813108444214
712,-2.8728728,0.001340069,0.5351310968399048
713,-2.8628628,0.0013713149,0.6581545472145081
714,-2.8528528,0.0014032891,0.7568964958190918
715,-2.8428428,0.0014360091,0.6671526432037354
716,-2.8328328,0.0014694919,0.6669139862060547
717,-2.8228228,0.0015037553,0.5872658491134644
718,-2.8128128,0.0015388178,0.6918604373931885
719,-2.8028028,0.0015746977,0.6811140179634094
720,-2.7927928,0.0016114142,0.613610029220581
721,-2.7827828,0.001648987,0.48075491189956665
722,-2.7727726,0.0016874366,0.5474416613578796
723,-2.7627625,0.0017267817,0.8225565552711487
724,-2.7527525,0.0017670444,0.683987557888031
725,-2.7427425,0.0018082458,0.5642576813697815
726,-2.7327325,0.0018504079,0.6015316247940063
727,-2.7227225,0.0018935531,0.7180970311164856
728,-2.7127125,0.0019377042,0.5972814559936523
729,-2.7027025,0.0019828847,0.6514211297035217
730,-2.6926925,0.0020291188,0.652995228767395
731,-2.6826825,0.002076431,0.7140990495681763
732,-2.6726725,0.0021248462,0.5854637622833252
733,-2.6626625,0.0021743902,0.5459762811660767
734,-2.6526525,0.0022250896,0.5663089752197266
735,-2.6426425,0.002276971,0.6415899991989136
736,-2.6326325,0.0023300622,0.5212045907974243
737,-2.6226225,0.0023843911,0.6643649935722351
738,-2.6126125,0.002439987,0.5211207270622253
739,-2.6026025,0.002496879,0.767585039138794
740,-2.5925925,0.0025550977,0.6118475198745728
741,-2.5825825,0.002614674,0.6265610456466675
742,-2.5725725,0.002675639,0.5881819128990173
743,-2.5625625,0.0027380257,0.4690861701965332
744,-2.5525525,0.0028018672,0.5113582015037537
745,-2.5425425,0.0028671972,0.5987553596496582
746,-2.5325325,0.0029340503,0.6903677582740784
747,-2.5225224,0.0030024622,0.617168664932251
748,-2.5125124,0.0030724693,0.6672542691230774
749,-2.5025024,0.0031441087,0.49047356843948364
750,-2.4924924,0.0032174184,0.9725281000137329
751,-2.4824824,0.0032924376,0.524814784526825
752,-2.4724724,0.003369206,0.8750168085098267
753,-2.4624624,0.0034477643,0.731802225112915
754,-2.4524524,0.0035281545,0.6778382062911987
755,-2.4424424,0.0036104189,0.5791970491409302
756,-2.4324324,0.0036946014,0.6534969806671143
757,-2.4224224,0.0037807468,0.55534428358078
758,-2.4124124,0.0038689007,0.6766766309738159
759,-2.4024024,0.0039591105,0.7627542018890381
760,-2.3923924,0.004051423,0.638446569442749
761,-2.3823824,0.0041458886,0.6180213689804077
762,-2.3723724,0.004242556,0.9172658920288086
763,-2.3623624,0.004341478,0.636961817741394
764,-2.3523524,0.0044427062,1.079441785812378
765,-2.3423421,0.0045462977,0.6426569223403931
766,-2.3323321,0.004652302,1.1868290901184082
767,-2.3223221,0.004760777,0.5895856022834778
768,-2.3123121,0.0048717824,0.8637139797210693
769,-2.3023021,0.0049853753,0.6781222820281982
770,-2.292292,0.0051016174,1.1856629848480225
771,-2.282282,0.0052205697,0.6618733406066895
772,-2.272272,0.0053422954,0.8843523859977722
773,-2.262262,0.0054668593,0.6389726400375366
774,-2.252252,0.0055943276,0.8848598003387451
775,-2.242242,0.005724768,0.6970433592796326
776,-2.232232,0.00585825,0.9113333225250244
777,-2.222222,0.0059948443,0.7313865423202515
778,-2.212212,0.0061346237,1.1819344758987427
779,-2.202202,0.006277662,0.7601077556610107
780,-2.192192,0.0064240354,0.7464026212692261
781,-2.182182,0.006573822,0.4877382516860962
782,-2.172172,0.006727101,1.1864889860153198
783,-2.162162,0.0068839537,0.5100705623626709
784,-2.152152,0.007044464,1.3546831607818604
785,-2.142142,0.0072087166,0.6173340082168579
786,-2.132132,0.007376799,1.1223278045654297
787,-2.122122,0.0075488007,0.7364210486412048
788,-2.112112,0.0077248127,1.1277852058410645
789,-2.102102,0.007904929,0.6460961103439331
790,-2.092092,0.008089244,0.8598304986953735
791,-2.082082,0.008277858,0.9189565777778625
792,-2.072072,0.008470869,1.0625698566436768
793,-2.062062,0.008668381,1.0620367527008057
794,-2.052052,0.008870497,1.6210229396820068
795,-2.042042,0.009077327,0.7969694137573242
796,-2.032032,0.009288979,1.2247509956359863
797,-2.022022,0.009505566,0.903400182723999
798,-2.012012,0.009727203,0.9171019196510315
799,-2.002002,0.009954008,0.8120327591896057
800,-1.9919919,0.010186104,1.4139177799224854
801,-1.9819819,0.010423609,0.9735162854194641
802,-1.9719719,0.010666652,1.4985966682434082
803,-1.9619619,0.010915361,1.0283787250518799
804,-1.9519519,0.01116987,1.4718176126480103
805,-1.9419419,0.011430314,1.0215787887573242
806,-1.9319319,0.011696829,0.6664729714393616
807,-1.9219218,0.011969559,0.9496569633483887
808,-1.9119118,0.012248648,1.3197287321090698
809,-1.9019018,0.012534244,1.0367107391357422
810,-1.8918918,0.0128264995,1.3768949508666992
811,-1.8818818,0.01312557,0.6617337465286255
812,-1.8718718,0.013431613,1.2000055313110352
813,-1.8618618,0.013744792,1.2499403953552246
814,-1.8518518,0.014065273,1.3703556060791016
815,-1.8418418,0.014393227,1.1582698822021484
816,-1.8318318,0.014728828,1.83366060256958
817,-1.8218218,0.0150722535,1.276014804840088
818,-1.8118117,0.015423691,2.3360395431518555
819,-1.8018017,0.01578332,1.174389123916626
820,-1.7917917,0.016151331,1.0091478824615479
821,-1.7817817,0.016527925,1.3653016090393066
822,-1.7717717,0.016913299,2.3651604652404785
823,-1.7617617,0.01730766,2.129854679107666
824,-1.7517517,0.017711215,2.124185562133789
825,-1.7417417,0.01812418,1.3077646493911743
826,-1.7317317,0.018546773,2.580348491668701
827,-1.7217216,0.01897922,2.2767281532287598
828,-1.7117116,0.01942175,2.179858446121216
829,-1.7017016,0.019874599,2.3421101570129395
830,-1.6916916,0.020338006,2.912612199783325
831,-1.6816816,0.020812217,1.5259532928466797
832,-1.6716716,0.021297488,2.6450657844543457
833,-1.6616616,0.021794071,2.0272488594055176
834,-1.6516516,0.022302235,1.791001558303833
835,-1.6416416,0.022822246,0.9727662205696106
836,-1.6316316,0.023354383,3.2070231437683105
837,-1.6216216,0.023898926,2.463322162628174
838,-1.6116116,0.024456168,1.8611416816711426
839,-1.6016016,0.025026402,2.667900323867798
840,-1.5915915,0.025609938,3.9502439498901367
841,-1.5815815,0.026207073,2.0792603492736816
842,-1.5715715,0.026818132,3.0446114540100098
843,-1.5615615,0.027443439,3.0508692264556885
844,-1.5515515,0.028083326,3.044468402862549
845,-1.5415415,0.028738132,2.121678590774536
846,-1.5315315,0.029408207,3.8931658267974854
847,-1.5215214,0.030093905,3.4046359062194824
848,-1.5115114,0.030795591,2.919750213623047
849,-1.5015014,0.03151364,3.168588399887085
850,-1.4914914,0.03224843,3.2142722606658936
851,-1.4814814,0.03300035,5.136385917663574
852,-1.4714714,0.033769805,2.902726888656616
853,-1.4614614,0.0345572,4.302877426147461
854,-1.4514514,0.03536296,3.900394916534424
855,-1.4414414,0.0361875,2.8824214935302734
856,-1.4314314,0.037031267,4.568299293518066
857,-1.4214214,0.03789471,5.994102478027344
858,-1.4114114,0.038778286,4.611326694488525
859,-1.4014014,0.039682463,4.083060264587402
860,-1.3913914,0.04060772,5.828378677368164
861,-1.3813813,0.041554563,3.4655580520629883
862,-1.3713713,0.042523474,3.830415725708008
863,-1.3613613,0.043514974,3.8872649669647217
864,-1.3513513,0.044529594,4.911141395568848
865,-1.3413413,0.04556787,4.630495071411133
866,-1.3313313,0.046630356,5.034777641296387
867,-1.3213212,0.047717616,4.021322727203369
868,-1.3113112,0.04883023,3.144540548324585
869,-1.3013012,0.049968783,5.2511138916015625
870,-1.2912912,0.051133882,3.9150333404541016
871,-1.2812812,0.052326147,5.359694957733154
872,-1.2712712,0.053546213,4.966728687286377
873,-1.2612612,0.05479473,5.630287170410156
874,-1.2512512,0.056072354,6.561216354370117
875,-1.2412412,0.057379767,6.6736907958984375
876,-1.2312312,0.058717668,7.722951412200928
877,-1.2212212,0.06008676,6.310227870941162
878,-1.2112112,0.06148778,7.459925651550293
879,-1.2012012,0.062921464,5.254969596862793
880,-1.1911912,0.06438857,4.765839099884033
881,-1.1811812,0.065889895,9.468515396118164
882,-1.1711711,0.06742624,5.920106887817383
883,-1.1611611,0.06899839,4.3963775634765625
884,-1.1511511,0.07060719,6.3758134841918945
885,-1.141141,0.07225351,10.183757781982422
886,-1.131131,0.07393821,9.214803695678711
887,-1.121121,0.075662196,7.030858039855957
888,-1.111111,0.07742638,9.530917167663574
889,-1.101101,0.079231694,10.993314743041992
890,-1.091091,0.08107911,6.953709602355957
891,-1.081081,0.08296959,11.480888366699219
892,-1.071071,0.08490416,8.098130226135254
893,-1.061061,0.086883835,9.328132629394531
894,-1.051051,0.08890966,10.175159454345703
895,-1.041041,0.090982735,11.469316482543945
896,-1.031031,0.09310414,10.22613525390625
897,-1.021021,0.09527501,14.563766479492188
898,-1.011011,0.097496495,9.187139511108398
899,-1.001001,0.09976978,9.70196533203125
900,-0.99099094,0.10209608,12.770533561706543
901,-0.98098093,0.10447661,13.114123344421387
902,-0.9709709,0.10691264,12.473502159118652
903,-0.9609609,0.10940548,13.33734130859375
904,-0.9509509,0.11195644,14.146198272705078
905,-0.9409409,0.11456688,13.294337272644043
906,-0.9309309,0.11723819,5.899297714233398
907,-0.9209209,0.119971775,12.344775199890137
908,-0.9109109,0.12276911,16.993379592895508
909,-0.90090084,0.12563168,14.895772933959961
910,-0.89089084,0.12856098,11.216880798339844
911,-0.88088083,0.13155858,18.952999114990234
912,-0.8708708,0.13462608,23.13071060180664
913,-0.8608608,0.1377651,15.170696258544922
914,-0.8508508,0.1409773,23.341968536376953
915,-0.8408408,0.1442644,14.710830688476562
916,-0.8308308,0.14762816,18.947635650634766
917,-0.8208208,0.15107034,18.48301124572754
918,-0.8108108,0.15459278,14.436430931091309
919,-0.8008008,0.15819734,15.272134780883789
920,-0.79079074,0.16188599,18.303129196166992
921,-0.78078073,0.16566062,19.6044921875
922,-0.7707707,0.16952325,19.559162139892578
923,-0.7607607,0.17347595,18.302682876586914
924,-0.7507507,0.17752081,21.64492416381836
925,-0.7407407,0.18165998,22.354694366455078
926,-0.7307307,0.18589568,27.698867797851562
927,-0.7207207,0.19023013,24.014244079589844
928,-0.7107107,0.19466564,20.255155563354492
929,-0.7007007,0.19920456,29.852947235107422
930,-0.69069064,0.20384936,29.61023712158203
931,-0.68068063,0.20860243,19.408031463623047
932,-0.6706706,0.21346633,25.399375915527344
933,-0.6606606,0.21844363,31.48788070678711
934,-0.6506506,0.22353698,22.645179748535156
935,-0.6406406,0.2287491,22.961931228637695
936,-0.6306306,0.23408274,27.482778549194336
937,-0.6206206,0.23954074,23.56197166442871
938,-0.6106106,0.24512601,34.291526794433594
939,-0.6006006,0.2508415,28.16175651550293
940,-0.5905906,0.25669026,29.068540573120117
941,-0.58058053,0.26267543,41.688053131103516
942,-0.5705705,0.26880014,28.651206970214844
943,-0.5605605,0.27506763,29.026763916015625
944,-0.5505505,0.28148127,33.54613494873047
945,-0.5405405,0.28804442,40.796669006347656
946,-0.5305305,0.29476064,22.399261474609375
947,-0.5205205,0.30163345,40.64234161376953
948,-0.5105105,0.3086665,26.103498458862305
949,-0.5005005,0.31586355,46.1171989440918
950,-0.49049047,0.32322842,39.204044342041016
951,-0.48048046,0.33076498,43.62581253051758
952,-0.47047046,0.33847728,44.622371673583984
953,-0.46046045,0.34636942,55.25392150878906
954,-0.45045042,0.3544456,44.48259735107422
955,-0.44044042,0.36271006,57.6065559387207
956,-0.4304304,0.37116718,18.76251792907715
957,-0.4204204,0.37982154,51.01188659667969
958,-0.4104104,0.3886777,37.17041015625
959,-0.4004004,0.3977403,52.628273010253906
960,-0.39039037,0.40701428,61.509307861328125
961,-0.38038036,0.41650444,68.12338256835938
962,-0.37037036,0.4262159,49.739891052246094
963,-0.36036035,0.4361538,39.985328674316406
964,-0.35035035,0.4463234,59.95387649536133
965,-0.34034032,0.45673016,55.008522033691406
966,-0.3303303,0.46737954,60.30043029785156
967,-0.3203203,0.4782772,29.646865844726562
968,-0.3103103,0.489429,35.92029571533203
969,-0.3003003,0.5008408,48.68663024902344
970,-0.29029027,0.5125187,56.15326690673828
971,-0.28028026,0.5244689,47.63092041015625
972,-0.27027026,0.5366977,69.80776977539062
973,-0.26026025,0.5492117,58.88642883300781
974,-0.25025025,0.5620174,50.973899841308594
975,-0.24024023,0.5751217,81.29702758789062
976,-0.23023023,0.58853155,77.06007385253906
977,-0.22022021,0.60225415,74.44599151611328
978,-0.2102102,0.61629665,57.20827102661133
979,-0.2002002,0.63066655,66.04568481445312
980,-0.19019018,0.64537156,59.33441925048828
981,-0.18018018,0.6604194,80.90812683105469
982,-0.17017016,0.67581815,58.68601989746094
983,-0.16016015,0.6915759,73.67404174804688
984,-0.15015015,0.7077011,105.87232971191406
985,-0.14014013,0.7242023,89.27943420410156
986,-0.13013013,0.74108815,98.65223693847656
987,-0.120120116,0.7583678,106.55572509765625
988,-0.110110104,0.7760503,88.99418640136719
989,-0.1001001,0.79414517,58.19548034667969
990,-0.09009009,0.81266195,82.58749389648438
991,-0.08008008,0.83161044,62.18877410888672
992,-0.070070066,0.8510007,119.008544921875
993,-0.060060058,0.8708432,108.24151611328125
994,-0.05005005,0.8911482,95.82965087890625
995,-0.04004004,0.91192675,117.75894165039062
996,-0.030030029,0.93318975,129.16192626953125
997,-0.02002002,0.95494854,69.39725494384766
998,-0.01001001,0.9772147,112.77180480957031
999,0.0,1.0,116.5068130493164
